Monday,Tuesday,Thursday
-1.1432520954641041,-0.46094053944234914,-0.7390730511708791
-0.6128023630501392,0.1986624375847282,0.24962865324902297
0.6709301109568886,-0.14487765919214995,-0.05468165276632111
1.5252886905506393,0.5933385728438093,-0.7467737123986565
0.39598050329988055,1.1335608710019023,-0.12673707401374357
0.7251709386425443,0.0048298835695875265,0.6641853660560325
0.24352166641189674,0.7366842531121774,0.8828911004530298
-1.2017729159885282,0.5599390340187292,0.6404560995166008
0.6741735120884386,0.5579038349547311,1.029839082944597
1.244561386925148,0.36009365731838555,-2.1809295115358838
0.1542059229753287,-0.9386418802648164,0.9139135949414392
0.8629583043753152,1.6743735086860132,-0.7004283734666976
2.0571749285719614,-0.501048938516401,2.248058920424908
0.9283673887778948,1.9609420362158678,-0.08298027202570446
0.5959931468891487,0.37707801918882655,0.5079011071480147
2.8009235952415663,0.011457120752006384,-0.6858690855216893
0.12122567092661729,-1.7099671228695263,-0.1305162459825837
1.272362517654726,-1.2870508234125635,1.6355358784328313
-1.431093012846164,-1.6783305028148974,0.6438023871237997
-0.4094245636707236,1.5285903859492882,-0.5880570668001132
0.327336617208216,1.4488523981791757,0.6548149424304713
0.7679713361340036,2.066038039573728,-0.31823792759763964
-0.13319413949125497,-1.3207139323729393,-1.7631095869062703
-0.7432492219308567,0.05806679617969334,-0.7195566891888019
-1.6472335129202138,-1.1026249123713752,1.9190287238825874
0.8244524388951364,-0.7180454399277005,-1.584315037077712
0.008472143708214652,-0.6548253754883424,0.8649586310306699
-1.902248102634071,-0.31442308423677584,-0.6483814290347766
-0.07105501123054415,0.6191056710585755,0.04760920799068151
-0.1669535559472861,0.4399517589190001,-0.7569512979892632
-1.6875220069597188,0.6912810708695919,2.0458135700727085
1.6109645495036335,0.7386150056310996,3.390368875718477
0.1577342946175375,1.0929796561802838,0.6110162936328534
-0.704342823239788,-0.19722532671470092,-1.9368507045502217
-1.2765378785015553,-0.9121362154688692,0.5632621778955903
-1.664355733675251,-1.1436877847303146,-0.518139429128323
1.8203887080750571,-0.1105751104530118,1.375281462528938
-0.5342767314171425,1.9108032215679303,-0.8080411535088413
1.4693475475802857,1.590301875660154,1.2455833587097667
0.6465393880030819,0.3230366631090645,1.4643407841754412
0.02832590893116335,-0.3273190374096946,0.10677310228301232
0.14539468265702898,0.6913630799955209,0.9736255880387139
0.35655777548736745,-1.2831083941411436,-0.33983697632466536
0.29028833043722535,0.30309038461805565,0.2465734788000637
-1.2626321465236143,-0.5623533588118239,0.3493378759556422
-0.17958498313128435,2.4441700602958227,-0.2589652983017885
-0.4463424613726965,-1.4058849808558198,1.463482249165978
1.5626342334186074,1.0298531679767777,1.0824912379843599
1.2216481792896101,-0.07656017406721902,-0.27275189764829216
-0.2374914464390554,-0.4528111470566427,-0.13422434398774905
0.7459780104470237,0.8487656377810435,-0.11274897834923475
-0.4920068036447855,-1.114905602864395,-1.2445697767329782
0.3449826192582431,-0.5926159366256806,2.4539716733340953
-0.0546741310877409,-1.0121354963787876,-1.1063283508154393
-1.5622070852552288,-0.6259095733696339,-0.7755371210306639
0.18348144940476283,-0.691796353167038,-1.3799910831081559
0.1993456969261396,1.0667876576141786,-1.6051573658565454
0.15352264029500967,1.2223640919513181,-0.33538082464445224
-1.050137119587702,2.0455322556783937,-2.2149877206055284
0.9592346737874379,-1.5221923718213295,0.3605150180556723
0.04849421094834709,-0.6796809567513944,0.6072314793088603
-0.41628408067093303,1.5757962464128468,0.27746039190846045
-1.9721667016838835,1.0601116513789794,-0.6187904885899771
0.07973633632172844,0.6054501255785605,-0.2269299989242044
0.7667994251266653,3.303027731157861,-0.48680017177604107
-0.04566807800879386,-0.9828349124967917,1.1179354598301232
-2.0474758701075,-1.845133753036794,-1.038229891798968
0.030255289851871807,-1.5376195715983225,-0.00027453818024665924
-1.4958040778094452,1.1635537087374253,1.4668350367023602
0.7382463568991054,-2.8657912137445427,0.7199162874464787
-0.9537807509716661,0.2461071259027742,-0.8933446734553059
1.2136436372203172,2.4534847505833053,-0.08426379528665422
0.21390261293132753,0.7539766115472829,1.5490665965434431
-0.546628387391159,0.7887159132720838,2.447023694996032
1.491440803237995,0.7396972090595059,-0.6360397436824136
0.4270128458151383,-0.06649017551223496,1.0255716389227787
-1.573907817129782,0.28205271376920404,-0.47277947648005497
-0.11375490520365811,0.7974984991077679,0.033815823920261445
1.4491381311892455,-0.41270102911861156,-0.1999430569325151
-0.5889471355173325,-0.2160789534036082,-0.15281491041004105
-1.7729928130338053,-0.29494024697221066,0.15906818484241905
-0.600168787343776,-0.31236337912954476,-0.03726544346507788
-0.17024497592066626,0.8633106134675241,-0.15735761553826408
-1.3105735559615455,0.46699687170119714,1.5571133325728528
0.8625898418418615,-1.3252888626184052,0.5479704005277569
0.33193056895018286,-0.1885556132026076,0.6010724336959958
0.7784163032107739,0.22846110721506718,-0.004888038318637014
-1.5999163003841053,-0.898512207341572,-1.1339780196560962
0.6475783666603122,-1.5699786397130082,1.5651539731024726
-1.2777445223525203,1.007346612987748,-0.08570269163083132
1.475673639427202,0.6264851750753214,0.6628407183696832
-0.6198806848400157,0.4113263932873318,0.6177062078937937
0.5284528238526726,-0.9993548030773498,-1.167591411011205
-1.579588516745572,-1.1890227120678614,0.5381509317546164
-0.404231472739205,-0.9610152380732825,0.23368195891468851
0.5985475796630811,0.36301248103622324,0.4896894749065557
2.2027301651782536,-0.2413364306624251,0.2620823233587977
-0.7133213903795157,1.61973479266146,0.3121620177854121
-1.5421853546512183,0.7244010264318345,-0.9976650523575652
-1.0486918491579993,-0.863687337664292,1.2613679953806909
-0.23560326474361482,1.5001618842058304,-1.1326900348922637
-0.5879189460748393,0.23151935273816804,-0.5026934782599447
0.995622582431996,-1.3772082466655966,-0.6253069787122463
0.16382923811144218,-1.4722713782579837,-0.004264459736973962
-0.5360952818130175,0.49994284139470735,-1.9127586946009565
1.2697671520583682,1.0522622945846982,-0.11752226903530762
0.16968112669582275,-0.6922338255555235,-0.986768407589849
0.3235185785784333,-0.3940779791485579,-0.23490572345145103
0.02006294635735453,-0.34733845719649914,-0.5225721304729091
-0.5994348465452989,-0.4706371026539066,-0.2291296397589867
0.5314351103205573,0.2644551058456123,1.2433122386984738
-2.2747149450274793,0.48719950100440346,0.4485177425448357
-0.5343006081991017,-0.3481350303771577,-2.5235323281742432
0.8186401527166968,1.0238762424350427,-1.50969031043245
0.4378903301646568,0.7514694708795804,1.2910910996567153
-1.455017251855973,-2.5714474374588603,-0.3244489381108695
-0.7368335070811959,0.4147788813852928,0.3660811938372047
-1.350288215997924,0.3783923731471812,0.4378749733401344
0.8929576853719241,-0.4984246500137012,-2.594324619242827
-1.4353348523994989,-0.42354547355840844,0.2614547951254034
0.4407500890695317,0.3212161841585874,-0.18208866314750222
-0.987561647104904,1.0353443104109998,1.165232459307834
-0.356511930345133,0.5481461920841006,0.44041975626287677
-1.615308763001871,0.3580636280333859,0.8592832774960056
-0.21669925558670128,0.6101911577463757,-1.1301719372710772
-0.016969944230547082,-0.9902256567444109,0.8835622748901811
0.3602342370036781,-0.13760711468330736,0.30928835791099335
1.8050118250375415,1.0888374271793273,1.507819970240603
-1.1758430945998897,-1.875587064934313,0.4087924393498369
-1.3861251075747352,0.10282180539218877,-1.8791140315924
0.06505029469796929,-0.0015582891657995046,2.0230844521277422
-0.4987131752519497,-0.4879908875197323,-1.2765310813286355
-1.3951886934899576,-0.3991891784172345,-1.39598465179647
0.45537312519852946,-1.3708644149012568,-0.274159818392237
-1.712878885854958,2.1640054885117848,-0.3700901775595306
-2.558668283503789,-0.22525863983380728,-0.9866043991966797
0.8368987317555742,0.4233491142155064,-0.3314182795626313
-1.030552312175938,2.0972611241317165,0.8883716326429928
1.8940729639848286,1.1536354380653262,-0.8729420130922526
-0.3567141559445246,0.13907596515426068,-1.2946104745729803
0.7565637825940775,0.44753376684853863,-0.04456951763714251
0.3670022257454259,-0.3235784441547028,0.9865795846757874
0.9611011218592226,-0.13246536606769635,-1.3614162092726994
-0.39532562214590555,0.7772568773872817,-0.6933796771967462
-1.6275471789233689,-1.4100866131808998,0.8320755774377467
0.39329685435668915,0.7877106416945768,-0.36456492107617744
-1.464757039043549,-0.5765151715144716,-1.0924620667601976
0.10806308730481387,-0.5159669056947904,-0.24327043315902655
0.36729755082155024,0.07013738737414545,-1.126876168093267
0.5587546891570982,0.8083250423965614,-1.2099197862514852
0.35103487490398433,0.7950541888573831,-0.18262615872097426
-0.4697130542477123,0.09748670341677246,-0.08201536583302825
0.8733053738461399,1.5279203283948868,-0.08608756647181018
-0.7226955536912212,-0.11618628329590298,0.6928089402705012
1.7854563757448074,0.5329887837906896,0.4621246190157722
1.0407083723649986,0.1614885776809384,-0.04783667720631858
-0.36802907573610344,-0.8972231114897501,-2.0552331812910962
0.6580690219650565,0.7513433801811098,0.3377494435391266
0.8366769858371547,-1.3357334840611308,0.8953363494661598
-0.07920839194637208,0.4290414318390841,0.08388985603398372
-0.44148312564189485,-0.3507342364936344,0.9813208789769393
-0.383168951696548,-0.7168616002036795,1.7292817100285354
-0.11329628434915459,-0.6289780138423766,1.895675745042687
0.9350159382766126,1.3845030311185849,0.6215269169233697
-0.04061004457773149,1.0331685063218998,0.671298861389434
-0.2897920429319611,0.5090496291411863,0.16804563846867288
-0.07053245239992459,1.0506288065889182,1.3203014934838966
-0.7284788468733423,-0.23633415282269368,-1.0305437596849072
-0.15418750475396642,0.05018922251716248,0.11830104263056555
0.1266449900674935,1.0498120616435707,-0.612629878558814
2.277983758924495,0.6953776070963682,0.46513779193768445
-3.034969233138151,-0.9460283680534386,-0.26684309184718263
-0.711840639574716,-0.5654538231360271,-1.926650646110862
0.13463728492782256,1.2485252650640022,0.5100656301530371
1.4469568110757314,0.6451102881229843,-2.7972686639539615
-0.2381393730117991,0.4357317765019054,-2.0290574626693867
3.277328082143831,0.26484355120607295,-1.4608570215398264
-1.4846418014574976,0.17413881648882354,-0.0755045519433089
-0.06570546853305435,0.9098573476887529,0.5637671186869186
0.9961192081305251,-0.3384617754355426,0.6150739737849164
-0.7114634563913226,-0.5029930226820672,-0.5713906698380661
0.0486209789193645,-1.4628572726976827,-0.766976231661356
0.5115364992210152,0.792151991760456,1.4340528860360864
-0.7314389279350514,2.167197274025222,-0.11482525986827825
1.2604601451702278,-0.09714685121457878,-0.05592361274561468
-0.04902286083582796,0.8257653644552014,0.21123973574520324
0.017146534413059442,-1.3833979352069095,-0.3559630917179582
0.9319341925211047,1.6729193684586907,1.6741099244722935
0.26439944958676587,-0.6394516479537217,-0.8446842897693786
-0.9005562229448263,0.6005767684760335,-1.421204008617961
-1.6431471626643432,-0.47276618475138993,-0.7334822655733508
-1.4835382467423093,-1.2261396548130676,0.8964144853388827
0.33425692830290055,-1.7757606648490398,-0.40330676999763515
1.0747285784478833,1.500048402874811,0.3700156820859594
-0.6902098487449465,-0.7358819783770132,0.6847957449530507
-0.7057131170120969,-1.5460888789504696,2.687904571196343
-1.1092227704641584,0.6130643152976321,1.1921545487341279
-0.35137707768934556,-0.5957415421099018,-0.14956288492862105
1.5342330222140104,0.6750272367750342,-0.5114916984599299
-0.7575560961440231,-1.4731513921717325,0.3471726811572985
-0.9442681281299644,-1.329495616303534,0.6539499590845872
0.1378263915288455,-0.46774745906408105,-0.719507598413315
0.16284434787295754,1.827178464430076,0.28013765589906314
0.132996028727024,1.5071636714959118,-0.28684729421603344
0.6046770381884152,0.8324830276416622,-0.4697567149092917
0.23828767324557487,1.6362641003957028,0.3404661082756006
1.0670127594249195,1.6427578359986608,0.678550807949197
-0.6357166870423884,1.1984807636004935,0.6464747521855605
0.6740508599443554,1.0458373959733558,-2.045622010388634
1.2835415824108862,1.7802938463334241,-0.1452369939950399
0.5045271111527194,0.6143239054860477,-2.6982600360069857
1.5721575496127114,0.11309944856914869,-1.5235458765414134
1.819208457806417,0.42878659656819906,-1.025408220199088
-1.5368785673483176,-0.8891372719585391,-0.32120405408708025
-0.31759601111942987,0.2963654735269851,0.8053198158609504
1.3192045254223834,0.38380319438824995,-0.23449093712703475
-0.5426764542878857,0.3769874029441287,0.8158169574423298
0.2612248116860346,0.270231889028757,-0.5332079033389068
1.772387595181726,-1.6349197797464425,0.08016022684582805
-0.8287406484277785,-1.5435039698126827,0.8904146568576269
0.9626836048040579,0.7397384011288788,-1.4475413862023045
1.174634755138794,0.9848088728166329,-0.6581809590555262
-0.798157624238225,-0.02047108439907318,-1.0173827182515927
-0.142795517002386,0.24463417719611263,1.5511761436198308
-0.7722821769950984,0.25738643652046234,0.48079322519324974
1.7470547474077036,-0.7206677602227007,-0.6269563038577637
0.3482659068119501,0.5892572475700532,-0.27497375323587797
1.5984234466530025,1.0305622553076506,-1.0294100542009463
-0.9378428754325083,0.6982254575651501,0.6404347350996519
0.09804013570840606,0.07631896259257676,-0.5031668370477883
-0.18503803044689637,-0.2755004893464388,-0.576717244676672
-0.6493377610672562,-0.48073388756426316,-0.5246625950119692
0.4463040565666045,-0.3586510691146381,1.0591162695221148
0.20162932295614233,-0.9199260228047147,1.7210183935955181
-0.13591314782607508,-1.1282957149604136,0.5835221074865002
1.2139971359187605,-0.5518501417957986,-1.703255314118034
-0.03297466051517889,-1.484976676498172,1.4734259440826134
-0.22358550051315754,0.08459921668627399,-0.6840415194110743
-1.1167737696842255,0.0741749741143674,-0.30374121250469505
-0.99972480072255,-0.01557178022075168,2.0611572275821946
0.5465081846960624,-0.1199415438345129,0.1845969507200578
-0.06210125833530829,-0.17887567295108386,1.300341267749466
0.012130963466559695,0.33851889702918114,1.452474570784678
-0.256090849931155,0.5307237878196492,-0.23655621250313233
-1.2137270336369645,-0.08867788367422098,-0.9700435441014218
1.2182317498117121,-0.23674389236074914,-1.8216213816165665
-0.3960995145421446,0.7756250595912597,-0.06383909948127188
0.35800820107771214,1.0806065200153427,-0.37771947323271493
0.2142137731215043,-1.154076332417175,1.1176542379837242
0.9887298226839171,-0.5300482665062658,-0.3088094809995164
1.5883306823768812,-0.545525232196198,2.4088825423589237
1.085458668985891,0.8350309409611384,-1.4762860749986033
1.6511618922367863,2.552228680792855,0.060231395298710654
-2.226334371992421,-0.6911256041957659,0.6587229934566621
1.260248120387784,-0.9781897535269457,-1.0866224381587248
-0.3173618075075568,-0.2567720050465104,1.0448658661950871
-1.6064766963858974,0.6182751366180892,-0.7234755478794516
1.248238618733923,0.29358133815228743,0.2974395149347113
1.2764966799073285,0.5956325716363668,1.631081048750823
-1.043972891124944,0.7223486355804526,-1.9838348940491226
1.2412095930980285,2.2385595609667797,-0.8713907958248456
-1.6143371417355317,-1.4023020279683942,-0.06315510183565243
-0.5015938705686575,0.1265983279436356,0.41186618503835276
-0.8868589767183439,1.6348922975367375,0.2822962688593048
1.750975917210069,-1.0101746639510083,-1.7169557040889818
-0.011849837307384415,-1.7928154046127145,0.7707904732725532
-0.37190567756177895,1.2235277137932257,0.10331431233998407
1.1100594878233487,-0.5449996067115475,0.4697981521594156
-0.35177202541163594,0.4291074447974737,-0.2402692306560397
-1.0091006255557966,1.0114680900962125,0.7913858842677004
-0.6230696884734642,-0.10395225438141473,-0.18691035744368578
0.7702355516192579,-1.2097516837620874,-0.24970964890323596
0.3150513065602584,1.6478085771204902,0.4918906913654607
-1.3331937026649456,-1.1596296961949055,0.11934112993447071
1.224161810131991,0.4507774213283748,-0.7290464142274107
-0.418073607616323,0.0928962585083542,-0.005794130841718387
-0.97050994498199,0.7540925640389861,-1.4485895914683147
-0.269560145460547,-0.6151701399620069,0.12110094886245036
1.0160063076981667,0.2491770330426332,-0.2919127405255386
0.19509305023638976,0.6119139114511938,1.337277261874706
-1.983102321029067,-0.631563647529131,0.422858664517602
-0.16114669268628426,1.3397086574172583,0.8401201760941206
-0.998543215776698,-0.24671707025515402,-1.4002665535133116
-1.732908655046119,-0.17610827874195267,1.9183806992845567
-0.1438906991840149,0.04386651173496157,-1.0921842578937517
-1.9471144099441626,-0.019690520484852224,0.6557021651148869
-0.567235099093754,0.003923925790474078,-1.6733103271796943
-0.14148909044202335,0.8378931384797403,-0.13412490532177201
-0.3069938256039081,0.4757478927446469,-0.6687940461590173
1.0494698796118145,0.5650495075108408,0.07515482157393938
0.9392808584907679,0.4986862655375623,-1.9707325911822957
-0.25619274100936945,-1.0961938469159562,1.0610035217603806
0.9369555852036167,1.498820746938003,0.6431236547655813
-0.8492096681032573,0.8680878767472121,0.31366379456208293
-0.4807447511696091,-0.11314487453051063,-0.3921903302605192
-0.09972593053328004,1.711968909615275,0.17989466336994198
1.0045142234965827,-0.4391667472191848,-1.168633980794161
-1.4280489778526246,0.7642315731836703,-1.052209297529405
-0.7246640523040377,1.2496428033763514,1.608646365313255
-0.34885892583190736,0.44126663898933355,1.512785923181901
-1.339881347976955,0.6482914188505278,-0.34111604597883355
0.5538756395257148,-0.4635075277397305,1.187333468749378
-1.0326033299339097,-0.7490867738380399,0.3351028946384312
0.39262874602955494,-0.49930840472019267,-0.872658914465025
0.9435554486055229,0.8368007511307912,0.7167491805548935
1.0904817174235029,-1.8011048884582614,1.2061933842638939
-0.05141921987389287,0.10950070912269784,0.09162566611651951
0.13695000072629604,1.7042592242467667,-0.5583486285425525
-0.732248270262283,0.1705956755402135,0.3548210282717947
-1.269126533683244,0.7603250284009035,-0.08953985586838442
-0.7337320029033768,-0.2503251261841645,-0.398976830593081
0.5790589161194011,-0.17331393088607636,-0.28969942313734726
1.2046126183510708,0.21686005433996078,0.5158149016278646
-0.02483385643384279,-1.3226873479391639,0.1782052795990593
-1.102837919592455,0.8819234371906752,0.5385306571306145
-0.8868830273793228,-1.3490318085232071,-1.080801991159109
0.46143034555149354,0.3087677503290047,-1.2973781025770066
-0.5908335109051293,1.517321308505506,-0.39186512725705847
-0.17777468847172795,0.433519169258034,-0.219151923640591
-0.9063119614445709,-0.28383859381685045,-0.6056818755379402
-0.9345997510205096,0.26253895958609985,1.1276041708868652
1.5004601181569504,0.3940438160527672,-1.8444866299756377
0.8241875400113459,0.22013702565192497,0.14966620627692198
0.28050747738446086,-0.346632837362435,0.6637797433426841
-1.762479157052946,1.6771692930922337,0.10290418832462463
1.185471540985528,-0.15939285323070018,-0.256692471319646
-0.351177334468328,-1.3854000921628526,0.18451961565198766
-2.2078397312787796,0.5953334066763774,0.8109579928435366
-0.135295104191134,-0.6446999036417439,0.4618235796080228
-1.4443054067348158,1.044833743526481,0.9762824390209518
0.9938197086932287,0.6396083921014297,1.0747252955276487
-0.738845655925369,0.6607626908611318,1.1301279377982762
1.4919327307385497,-3.1439603579980324,-0.41935759514295584
-0.7675170656516394,-0.15786794783916608,1.2857078546778906
0.19539099917219283,-2.408321728800591,-0.73368097628316
-0.18164143901031252,-0.09878450060385,-0.7737926969953417
-0.7393446809833014,-0.7105468689855414,0.5492320995182245
-0.3719116650497024,-1.2201828938931298,-0.2919748960042625
0.5584531631832834,0.21780302304247834,-0.9314124573381942
-1.236610471165585,0.7024174135957383,-0.11814463199327101
1.0114789791592105,-1.95825773093142,0.03197386780053165
-1.5894896335905897,-0.2796081986605512,-0.5366697327431418
1.174680497374888,-0.09662494466985762,-0.8828069125015015
0.9054539188320044,-1.151637751637617,-0.37879855939366824
0.34627466107872773,1.1970856111357462,0.6921835567428958
3.253943779413621,-0.07435308696883756,-0.7705617996888445
-0.3506482102891764,-0.9519421654821292,-0.7661084547264969
0.7558060058995428,1.1554452312649266,0.8181324750350283
0.4621454865314346,1.0393047957372654,0.25386246811902835
0.4104553425805966,-1.6851204156294923,0.9868828100462482
1.6305101181325035,0.7259749585712314,0.2981543694196324
-0.37508504373039175,0.9651685730258377,-0.2977670429637547
-0.677147838095283,-0.08951699257489286,0.7656439373897166
-0.13408934510114595,2.8414499078766284,-1.379011630891103
0.954017304893512,0.7034598227795932,2.4690939400583263
-2.1129885704580462,-0.14701864629884154,-0.42594274356504924
0.63701883572584,1.4103327821269895,-1.049544592431587
-0.41761805804473623,1.2061191344187598,-2.098045441876389
1.2575552596397208,0.19890319736779855,-1.260268933518985
-0.36455251752900925,-0.4113829255469278,-0.3567988322807602
1.2418144831327602,-0.045620362550584215,0.0808874554375762
-0.95172455903991,0.2728445257745289,0.2220147795671493
0.7630178341078472,-0.15303615024503855,0.7107979294068385
-0.43116493614616996,0.7221317856185957,0.10346594538652278
0.20065353261104474,1.6351954136805265,0.8724186788249911
-0.8525102226987094,0.23716177773608352,-0.6309778539561053
1.090851055278308,0.17221813279138456,-2.2930433265337986
0.31119298470207307,1.0886089258371985,-0.2202696192055346
0.9325868199047599,-1.0696370210611834,1.155892484111997
0.20755806012310507,-0.07697942512612706,-0.13231882311263232
0.35231388762540505,0.07820165500553754,-0.26636872296311753
0.27508572317063634,0.057096537179718694,0.3586235385659008
0.8887509285686978,1.3107099033144094,0.8292306900157298
-1.9521200928693565,-1.9406236718903103,-1.1018272558251387
0.3426021906790969,1.622868478337764,-0.020233979418210618
1.6118687671822236,0.45934176338727806,-0.5494808621464826
-0.6798528306800016,-1.7867779570006106,1.1957670974001215
-1.0499083875458355,-0.26990027315683035,0.022765843416365898
-0.24442453623553137,0.6879320412944443,-0.5692565465838834
-0.35645304024305324,-0.6086503469526089,1.0786138176372024
-1.4083942340920539,-0.8977233720696419,-0.8437987853010136
-0.4834060757749022,0.5243188633270602,-0.2869803371945314
-1.5920073776293813,0.9863809088452921,2.0992036730189083
-0.7196017449787522,-0.4331084193905361,0.38743276773383784
0.4275283820526555,-0.6672102520055283,0.6386176233739481
1.2538026406576501,-1.4920225733396684,0.12469045003048507
0.7487388507235848,-0.7941428973311098,-0.42721982586419516
0.005177850518818175,0.17825975525044815,0.8109332226225947
-0.25831535422549035,1.0249682303867622,-0.9856126947403744
-1.063757842087566,0.09547808083615715,-0.23741129607706504
0.12476917672937461,-0.4122029405515935,-0.0636562530946309
-0.16299844237321878,0.5749657144336712,-2.0301437609495925
-1.8582521464772224,1.2095328586611809,1.0603911219418722
-0.29764429375673984,1.1409481602032385,1.5275696707975421
-0.06665641563577696,0.3419285798368402,0.014875947710357992
1.4758557973459623,-0.13476139131497672,1.7008287077880553
1.586194633202096,-0.23448294266554406,-1.3600837030229012
-0.13221030407008943,1.099924591586935,-0.3430602401904175
-0.2689176169897841,-0.8633943779877734,1.1565061374854888
-1.6132372883503197,0.3297702456588939,1.119213466521802
-0.12645717143523844,0.37511820553986186,-0.18870578078748154
-1.1473299759825901,-0.898701993249669,0.6193079106675317
0.9162596938486501,1.2997050859416193,-0.18697861783643244
-0.024606538609341734,1.169546121217986,-0.0828316665653288
-0.4654797280321102,-0.3206586191703287,0.05109160145435551
-0.38769889169901134,-0.10944885391058724,0.287006462744062
0.8201867630657743,1.7373415988676806,1.0351002791959831
0.6116060050316882,1.9868430803161001,0.523461730404708
-0.5507232128382115,-0.7317900923625661,-0.10905265566654651
0.567379104471043,0.7246678599595008,-0.4777347566190883
1.833709420912602,-0.35864200680033564,0.7272485734406504
0.9410402678212066,0.5376917581436985,-1.1821570456369408
-2.5623095261237347,1.7015458987403087,0.19022149895419993
1.3827179458993433,-0.562997197415909,-0.6476235025473495
1.3581059460834985,1.6959696167786613,0.07445723661279727
-1.2916338323965029,0.6310200819583093,0.1792612637097108
0.17774013078274728,1.67092630934696,0.8000361444748418
0.9192980981307562,0.365086578200407,-0.03485882599191237
-0.9691300001992988,-1.0465784206357007,0.24738510580438172
-1.9778459872635639,0.13941688521293505,1.0040748579298782
1.9924852798979062,-0.26065590740277483,-0.07125026360640456
0.1695194645958243,1.04036249456524,-0.046240761685127356
-1.4219259042226393,0.6234196094301979,0.8128398614710196
-1.1894777231117786,1.1949589921825277,-0.4809393448459402
-0.039431291472937786,-1.0914924763834153,1.0156856475630496
-0.8914999052145641,-0.5242127938235523,0.778178069426718
-0.06425497059452687,-0.3297207198002864,1.51813818038778
-0.31788624538819255,0.5300924927738464,2.4999365793415707
0.30715284092465833,-0.6164489168489365,2.3743844390621254
1.4200660427906517,-0.15922918293479912,0.08898535790515345
0.6969910680925764,-1.5042672803616353,-0.07881713803642657
0.08949634701884213,0.319796825084623,1.3379079209275078
0.4149634665974992,-1.584873190673826,0.753127739747797
-1.033556353506098,0.6387292634398448,-0.18917988366601618
-1.7760316281618338,2.065391990897394,-0.655105106130541
0.5154371270711128,-0.7210137697537258,0.09567441035842596
2.552474955150933,0.5538630201966971,1.983561967435798
1.2353284037656242,0.20931331823535446,0.17913797028708284
0.14003731396592156,-1.8938457344312383,0.11403020086372624
0.8466047477138174,0.019874618027693067,0.5312017188053053
0.33498439051216217,-0.6047861046975099,-1.4726124101843086
1.0516789950686405,-0.21364889312174395,-1.4675499744174503
-0.3790196803479066,-0.575489934968901,0.48978501217370124
0.8261214931478595,-0.027941777861285783,0.6913829047096411
-1.119025241169562,-1.181340212467769,0.5505817399709649
1.1450047401232673,1.0720970085041606,0.5393091151813527
0.7835479471874521,-1.71344783831322,2.3676123536270857
-0.40748911018425976,-0.046602506742967585,1.195276718567691
-0.003614491057496448,-0.36064938915901634,0.9607858435488379
1.1901452797037384,1.944231425531666,-0.7072953546138523
1.0987955860220602,-0.968383524303299,-0.08293031707928761
0.20600921908399755,0.4842566959970281,-0.9609511150108879
-1.221606482265688,0.15591577488605413,0.39191986592825806
0.6361030945841127,-0.632352968289049,0.19975520611740794
-0.7552000354444997,0.8921620757790678,2.088053955508318
0.5312020729798502,0.8357205748100012,-1.0790987274678965
-2.2588497607977747,0.4133193092630993,0.9981775285417792
0.34626543426828826,0.16280879287937008,0.8312391777644285
-0.48939032113900977,1.2461956164450154,0.06269380163790714
-0.17274942369889798,1.7047476243638213,-0.9877941753276553
-0.08646839151361795,0.42372808933362544,-0.26825773882081366
-0.07087987133448581,1.5749070462133332,-0.1750794831321214
-0.5936795423361079,-0.6058298705640776,0.2419076467399535
-2.0131687847632476,-0.20535586308675102,0.21830778885991792
-0.7256031381929494,0.1886903168093477,0.6187592517181142
1.147015765608749,-0.9370533095488193,-0.3424144430264791
0.009512422405063104,0.4021450426365961,0.6519905059184958
-0.3250050763398398,1.1328501929821881,-0.14569504576509196
1.5575448344316205,0.5039712959347113,0.4897527737755974
-0.6913764103860224,1.9481578012150165,0.52315345408793
0.9692996134172633,-0.3527079332888881,-0.5055158605293009
-2.419449837868083,-1.4373231409052836,-1.1535818844583343
-1.7933856650290805,-0.6805693685644433,0.05116648436027799
-1.3351044092215871,-0.5450635076995365,1.4896556157538094
1.208722429838554,-1.4049260864611934,0.7232320562982335
0.38185144925463355,-1.2900607415539704,1.0395239343486402
-0.8504959400686258,-0.47857055437677604,-0.3854631553369595
0.3854295093151868,1.5779998275059386,0.15492939744836032
-2.0134943047822254,0.3724898168123447,-0.1447213039339416
0.33193259630893335,-0.002999887345660748,-0.11540687724690557
-0.29213424286034495,-0.900152521570796,1.5929738157687345
-1.0432270254122216,2.0395609722171426,0.06152717844540771
1.5930109438042566,0.49270528571637,-1.4263131580114652
0.0627121431160192,-1.901299318389677,-0.2768502225449138
-1.750744115176274,0.1248802549931028,-0.045717968695826845
1.4509191614156256,1.331370623498673,-0.3943693539644646
-0.19715304881811352,-0.06963139834256288,0.2909587124822503
0.06959639828172334,-0.6657547546893737,-0.45477479915344354
0.07744252209291139,0.1302798017313426,-1.5375061781747954
-0.49823458942947907,0.42296726426111403,-0.5256726415201517
-0.9503330742331423,-0.8420426489348892,0.11300585820696926
1.6129344346801473,-0.2987618551040702,0.9611001769766955
-0.1761761736853066,-0.427537614056056,-0.2202150468210994
-0.558197232085891,2.346385042439616,-0.5764606286087701
-0.7914428401629268,-0.04384988222341738,1.3394188801911846
1.6467878764331827,2.2814456833901535,-0.17591089974826732
-1.9413351318746979,-0.9788712994385043,1.3076840015617992
-0.7573393199590015,0.3850750970570174,1.1272900553591543
1.4136798413953722,-1.236901278769534,-0.5842636056238054
-0.25725500421373126,-0.81462480404919,-1.1503702275233256
0.015729390888863767,0.7568781952847987,0.496815844957181
0.7676233077841975,-0.9289894490189596,0.3905396195817298
-1.1337424790788841,-0.791183662562055,-1.2140850651243966
-0.06985938090404029,0.2758967841999497,-0.5133983121389801
-0.17321416967351538,1.3019574790597883,-0.8544500550923574
-0.6906938939667295,0.038852348287969476,1.075635732825102
0.004128956630640902,-0.46868621891830303,0.11930338770876654
-0.12958761789552808,-0.7848733231448254,0.32373883042699875
1.1555666613503504,0.7941663019834847,-0.199412380880101
0.7748990255789766,0.41481760916304045,1.1816987599661641
-0.7271237820956137,-0.3778337806552244,0.5914824214525899
0.07756837936712503,1.197378263563846,-0.9456859759464471
-0.24701719847249476,1.41855210737468,-0.9145031493646667
0.06986503051514507,1.5363426505488265,-0.15782151627657728
2.5641657725332547,0.5737527463619477,-0.7228722167639029
-0.11525616313498828,0.5964027831531495,-1.5894468371663277
0.2415813827489415,0.5029949047912174,-0.7392165877584065
-0.7322644478836555,-1.9761803059440313,-0.19709873124268149
-2.137563160487861,0.20215274579468906,1.7480321776483772
-1.5583801603203031,0.4569269538434564,-0.11909660093068168
-0.08358533505214752,0.985623290304075,1.5138208955466905
0.8098314701111725,-1.3751990631247348,-1.2772804764244001
-0.36214709526147576,0.10279367706618939,1.9789345172093402
0.09696505820233271,0.02209003500305153,0.792353600827781
0.20275293599273767,-0.5677268146831048,-0.4452880324608589
-0.47673740575613127,0.7104387004726197,-0.9060817532517507
0.4055039391631515,-1.716480083641105,-0.006398756864658438
1.3486230953334692,1.4410448461079313,-0.9942660300018137
-0.06026785186262161,0.5073230921122514,-0.34291144294741477
-0.7050077685648717,-0.13736153375464805,-1.3896334754331612
-1.1081702543162502,0.6273668389194763,0.49695676161562075
-1.846690091598593,-0.5897862030215018,-0.170654907803174
-1.9106175867812338,1.2572621101686403,-0.4207991009726328
-0.5948712353477089,0.9256711446360862,-1.1278155464719373
0.01883258565317701,1.31513756855941,-0.8698729645513715
-1.6367175091404127,-1.5858904829306795,0.9736516146650191
-1.1098513612998167,-0.3068196181518771,0.6205728275767776
-0.47157053412371475,-0.18763138879632427,0.6950734349328217
0.547548039825059,-0.34237023992298443,-0.802967700866565
-0.05930178127796459,0.4283310395377366,-0.32599532501006623
0.25787882875242324,-0.6665974017188443,0.4832445371088216
-0.3944106600539978,0.47313318349207434,1.0283240461347203
-0.5869116158859372,0.778920758662898,0.19402921566333206
1.2537172398284546,0.9385570480268173,0.20100062537324426
1.1559845745909012,-0.5327103748732983,-0.8251375539869029
0.1483924303708087,-0.4819527453366213,-0.4212315957250462
1.5563240222645682,-1.5140303233617594,-0.7698758942824493
0.6095992967589613,2.4521773708780645,-1.021545532952802
0.1256328262986279,1.6537733635698695,-0.13893610743136353
-0.634471733350054,-0.18189762967394132,-1.0533393042185943
2.6036646267485337,-1.8825931596642682,1.2814330130874285
-1.5570405797535245,-1.920606831255208,0.729303714251994
0.8176046461062927,-0.6132921545139847,-0.31962172764145924
-0.3852037660822145,0.666612089386781,-0.27387979703737436
-1.3402280523366272,0.3965496161617796,0.9961592520468062
-1.2747411820036298,-0.516884209094362,-1.695344956042127
1.079627249940578,-0.9482306246150392,-1.4978018479748394
-1.6967321418978092,0.5715422969233656,-0.022224699832117993
0.20509604394671643,0.027906250218546855,-1.4875764512239604
0.3571135618262066,1.2486897884438188,0.26321008387169886
-0.23033616946766472,0.3772702905537276,2.070555791091947
-0.869145789770025,1.5222312768233364,1.0367268908501732
0.1538135240553177,0.256741745472689,1.002492588790854
0.25515788345498736,1.3945945881055688,-1.9369013534112385
0.01540906849678355,-0.10289613377419803,0.44832296984193226
-0.7855113249138319,-0.910652659708917,0.20460094938448148
-1.5160377487853072,-0.6882814269705858,-1.1450421846895151
0.5938665926009108,0.4604944458522169,-0.3773396470103461
0.8957386491282426,0.9649101780378657,1.2458130469863824
-0.2940275582967641,0.12222214742755533,1.0797929339746652
0.6280250710251453,-0.6428087801222144,1.6028748040218987
1.0076996391991087,0.550144007363713,0.25578738705758997
-1.2519131433859285,0.6381650832582191,-1.1432276179424594
0.2535551764411663,0.1347567296287685,0.5126800933022193
0.6069791877063575,0.03848388797576342,0.3723425566506034
0.5268585869169101,-0.8525480255081725,-0.19380545966036242
0.05870631760518992,0.26621749068509326,-0.6333142597204436
-0.8977064465592228,-2.5481110542871215,-0.7814856309126574
0.21899222987255812,2.3225884201160114,2.3476827572035806
-0.18840842792135917,-0.40796191372278195,1.0623627455400602
-1.3386421099302468,-1.2650708690858095,0.6549783056124967
1.611359763533879,-1.2815000892364972,2.3574795179163908
0.2981142602069533,-0.4934976055244252,0.8266658988201112
-0.348356989165583,0.15680789972949968,-0.9208070324126623
-1.570432017373839,-0.11067542252776741,0.9939844338522755
-0.2876898329434469,-0.9215770232945335,0.4963535258824066
-1.249957227243496,-0.7392426071986994,-1.3701646963181098
-1.2929777998486087,-0.9747833590517946,0.0497637248321507
1.1523914250852527,0.47634912665397927,-1.6130665434777474
0.26536164586614214,0.5948563439584154,0.21913936115121288
-0.29276360223032954,-0.24318557330384336,0.36336076129160017
-0.6980085176884935,-0.20775565580304708,0.4791623690565365
-0.44634496229599663,-0.31010837848484185,0.17732784663500428
-0.8681072444579722,0.42900955332115354,0.2894849714728505
0.9509518212024805,0.44073402412466406,-0.07821883273466808
0.38847259265145473,0.33226451101883314,1.2634043271759132
-0.06944091681659303,0.5952671020164416,0.4047915831539569
-0.34976127086431014,-0.9123502205680118,0.22408380406507944
-1.8744963425641934,0.27225541164217026,1.0528742496866936
-0.2353951522633437,0.31259791279695437,-0.7964398050850817
-1.5715908520300546,0.43199582727331565,-0.483412067996532
-0.21176058724213023,1.5337004048134817,0.2978041045229796
-1.807258876730038,0.30036900583469045,-0.9268468242905193
0.23568441735401408,1.8999196740541042,0.24405573526642158
-0.8773632346407659,0.5142852591032055,0.26972944407702154
-0.13415505737549574,-2.1504611273112886,0.4078614134488307
-1.5168433130230692,1.4281835642570133,0.9228626109956276
-0.06313482887154728,-0.012810169079143912,0.33867205702396574
-1.66397122094016,-0.45930685853847786,1.2452508991092481
-0.5603318994799186,-1.07644170680502,-0.45341621158373924
-0.03723263914638215,0.22962513948261937,-1.0454791727977448
0.5403195946443001,-1.1478236951113883,-0.27573364306462134
0.5720268305251881,1.3152181471294555,1.3065022036493201
0.917996223920627,-1.4194712866636747,-0.472865995020519
0.483574637236521,-0.7724389778045347,0.08821433663238978
0.43938032418174683,0.7268834882096377,0.38304782295037193
0.4238583507229195,1.7524777476268751,-0.011337041415557301
0.39300561843352844,-0.5850031115033665,-0.14498627001301237
-0.020266217039750564,2.588002827630918,-1.1456640619039247
0.6658045196424085,0.481831395645305,0.5206094636786391
0.14409672605145044,1.5017040835447502,0.13974455927445742
-0.7076129504539117,-0.9335297908313612,-2.6254926861490566
-0.7615909589990679,-0.8843143992007437,0.36895304603465234
1.2567994487460412,1.9677843395649535,-0.42637839032884184
2.0335102154799523,-1.3378238618918632,0.354932879364397
0.31347151599702944,1.0852732469382655,-0.2128040059376448
0.5588370933213994,0.018672131514779682,1.8517904390559636
-0.20572259737281803,-0.6354676606262535,-0.1681383054727089
-0.05035641470103524,-0.9227554144044595,0.866305670210247
0.6728873531139163,2.1270562844327343,-0.19574369308435077
-0.7891248204773951,-0.058226617353934106,1.028282388646433
-0.5474535634154156,-0.9242213701730975,0.8677996464475258
0.22795377454425556,0.06308573038460141,-0.9774947722497879
0.34306488150036557,-0.2581203753001204,0.06625151634391803
-1.2388394154613336,1.6070746985293765,-1.3248509648420292
-0.6097005151631972,-1.0371007648557324,0.46761400115346563
0.5595637353158381,-1.0781334128191786,-1.5585174640204482
0.4283055750553913,0.5322375122969096,-0.02052922822976294
-1.2640488705577348,-0.057958751035090725,-1.3418175413044664
-1.2653394872044634,-0.22762364688949163,0.11308814113677201
-0.561438423770248,0.11768177777825614,1.0454839853483107
-0.1348334016459123,0.17368188244405872,1.4015124474842293
-0.10544842728114237,-2.0640697030146815,0.31699837789240615
1.1962462574025778,0.04823691506396189,-1.8916602648603265
-0.40778765029197395,-0.17527261336378663,1.2306116740364124
0.5970756592178268,-0.7665851478510428,0.4901575203855636
1.2381087739397387,0.20019895461684595,2.7148092693224375
1.0266746459828862,-0.2603926353978069,-2.1648333660795123
-0.13779929153531395,0.4324472085458719,-0.03732373643815473
-0.03255373778845293,-1.1869430215070662,-1.2422036510580585
0.9258911080401339,0.5758814905801686,1.2257018116776153
-1.199333987863718,0.4026212335738015,-0.5812218898493349
-0.15614379796279781,0.5098012457414072,0.5603278362227079
1.1892229004372328,-1.3121297198481374,-0.6160446758878099
-0.9581047279969772,0.9377824224609361,1.0418491999080304
-0.18002077301526692,-1.8776632309317156,0.24223942111146626
-0.993980934874119,1.430031627673654,-0.2801327152349682
-0.2692334708426754,-0.8374117164363534,-0.7053919438601672
-0.2693463129900671,0.939032157640696,0.8516555023905484
0.10608340028261068,-2.081342823905897,0.10193961533007453
0.28122583947790414,-0.10351909810600866,-2.1256735616407942
-0.7286785068064,0.6816431965162977,-0.37872072670939416
0.08385650317646662,1.8270035528499533,0.8093931345366322
-0.1903526659229938,1.7460272201193043,-1.6071324452300246
-0.7004916343868053,-0.9805858135201676,0.592492911523705
0.8546350439553122,-0.6124375078044242,-0.4629349215575299
0.31084174475947196,0.8202574123606896,-0.9687897429217919
-1.5329284611724558,-1.2437185390726155,-1.5305527321357182
-0.22678128830485353,-0.13044265505918842,0.2602966987825281
0.6932849145455627,-1.4881869265154164,0.19608968917981054
0.5827324611975878,-0.5949570247115253,-1.6469227415027548
-0.23779558957005656,0.21303282664177958,0.30901287077516776
1.7294468339219435,-1.1872338240119111,-0.28428859671032775
0.18669424356684325,0.477102450323407,-0.7852485836996368
-1.0093377574586442,-1.2475808091691338,1.4856453423723879
1.5831965661483816,1.1882750758155862,0.9543994635105144
-1.213798394784608,-0.29597316929502876,0.19446647064910128
-0.34020151077824884,-0.17398782695206672,-0.24950364415883433
0.7394452271051318,0.07808627479327802,0.8334751591768933
1.5172189015132984,0.5716870189455621,-0.26055720019323636
1.2817381344206351,0.38056488123858817,-1.079807460417822
0.6646194067752278,0.7408088582913709,-0.5890541097146699
0.5074134441030903,-2.2044794981187974,-1.5453178556829938
-0.5107379786200372,-0.7848972583753674,0.7477272729849336
-1.4122017252968433,-0.6085543627956882,-0.1454603120987996
-0.37205877616673344,1.5968838884340664,0.5457083627604963
0.7715741231706872,-0.4281292252680147,-0.2413871381907873
-1.0175490890970829,0.9332643461761213,0.825089078108758
1.4437010200167413,-1.4973098989800793,-2.609041502597508
-0.8963303945427918,0.7978384485209142,-2.2524941338575406
-0.11906500153922234,0.12235525082290498,0.30942492885772077
-0.3036229023344997,-0.4683212809861312,-2.630708458490288
-2.0088133210677745,-0.8395258076204738,1.2659226894699767
0.05739494018571184,0.41286088250312836,0.49532028348138507
0.17252530253586265,1.6308983594382576,0.6818221270310985
0.7777542330173017,1.0633099269004935,-1.091731678752476
0.5273010053993369,-1.376498137374621,0.8280394224572847
-1.335069895932433,-0.22696320108942528,0.39341733955498753
0.7242628829393863,-1.3316899579573833,-0.2752086587800423
0.1110909559408104,-0.11705223102785621,-0.10184417898856064
0.5078970037753107,0.23658220380498043,-0.5059567774309608
0.41787902497476076,-0.42457937509438726,2.0332735007574194
0.2652314580832674,0.9143336536519779,-1.0504097561814127
-1.2606429333129139,-1.154244003090454,0.8569122042720748
-2.001819303900217,0.8428448611045553,0.7274490862735645
-2.091125855519235,-0.8540761158470079,-0.5269572093563742
-0.5639213857196852,0.052322379876938434,-1.7773012192733508
0.34020811329297773,-0.2500986431765855,-0.7533999212591063
0.10801266167779901,-1.4557785998154382,-0.0466968248599025
0.06856157229226864,-1.272352915452279,2.658792626421393
1.7086272005717504,-0.6074959572038316,0.41512383157478755
-2.347905347276205,-0.12887860512887095,-2.2431660371119153
-1.092838679236906,1.3878969660505422,2.4323276245611507
0.08960855011835432,0.6456337448960747,0.6171071903559003
0.8770049671262236,0.44291987924115817,0.6562082630879673
1.1318585980794897,2.264833719094265,-0.4393191059548695
0.21563111643890653,1.0173374810914924,-0.45026372621430505
-1.4620094179343563,1.023364633611415,0.28484407363292935
-0.803792555424105,0.15567146738724374,-0.8541752037615229
0.11366216278994805,0.802724254558986,-0.5827347235617715
0.3382114862483589,-1.0957176692002386,-0.021461634143137925
1.404519720559863,-0.37462674720750144,0.14050189366194685
-2.198698120274335,-0.6583549721128769,1.2719563132574305
-2.0364380009605068,-0.8490926207313166,-1.3096722717394647
-0.13650087884161544,-0.5395060638526751,-0.09080379179302898
-0.08251831836279201,-0.03107385323210533,0.3148900013518356
0.9012513618033314,1.3812680943188593,0.5566108635603283
0.8278484977178767,1.4656972035250768,-1.073593162301175
-1.5229830672391902,0.4397141693145327,1.0361478597649616
-1.6162021738838215,-0.676526504696841,-0.1949944006798932
1.2048517269565244,0.4162362746136795,0.42649838359712094
2.1524914111733757,0.6002588736817802,0.7401282104120206
0.755520374768735,0.09873996974253117,0.7407637340608095
0.8149236075129384,0.1157249155057114,-0.8723103140480466
-0.10863425571528125,-0.7141595407338265,0.9081619987149232
-1.8184152196474033,0.9813368047338203,-0.7987794833079336
-1.4040886633532426,-0.13457286448214467,-0.253071406486169
0.2579039911291218,-1.686090880328735,-0.8535061795805583
-0.9625121511654054,0.3708011464082826,-1.6334824655921911
-0.4209626929107612,-0.623454840661035,-0.3129406214396495
2.233492984272976,2.570179201847621,-1.2560861540266937
-0.4045632159138244,0.018802329498882532,0.30947719513577654
-0.9038944937240907,0.48815014464031375,-1.0490449150401888
-0.8329173965825193,-0.35551984634163397,-2.4380582468178664
0.2264067284562238,1.2151074450885695,-0.3114175586776475
-1.0981271505286132,1.0640140738445507,2.6035565052905003
-0.007691291283796683,-0.2751388216836477,0.22196172035895143
-0.03669953454013805,0.8100797286534746,0.7316183116973269
-0.6159738192524552,-1.7016784116234955,-0.3196896576910935
0.5786896436071068,-1.6267641659454397,0.23577390672491258
-0.7663987333859512,-0.5007168694564121,-0.6939354050105497
0.22717817769776366,0.9824744862591988,0.7613769558006533
-1.3360085858374642,-0.10521404463529961,-1.4968444673435437
-1.646537058574511,-0.3237605281968463,-0.009110112160992131
0.03844974711318226,0.04402018122549513,0.350803041635601
1.6896493983210132,0.7858736717606768,-0.8957439412629845
0.8415625861231514,-2.413603963277451,-0.5117958088690123
-0.8788627239080765,1.0732612952783547,0.03525442232419276
0.8318321213505788,-0.7786494239276517,2.246071073157936
-1.398793925445125,0.5312873965755249,-1.1514610143331276
1.750267934673462,1.4744217450661123,-0.5462933072003046
0.5966237422100374,-1.2401932749541864,2.485466929068436
0.05545482204102178,-1.201060432366425,2.438892655230064
-0.6419791929672952,-2.7987063838261133,2.0939956718432393
0.6192773241994735,0.9537825835882587,-0.2520305242899489
0.5836626842568924,1.1076488304868088,-1.4196692701668545
-0.45086480426713266,-0.01666532195368922,-0.3914408198265308
1.3205325249449908,0.018945563834158952,0.5953950865358563
0.8655353378048647,1.5953036472992053,0.3387144167599855
-2.418385264591454,-0.2636178498029103,-1.2106597295043775
-0.5382889387302245,-0.44476764653324136,0.022765107704294765
-1.016997632335504,-0.5991968386241707,-0.729766583886978
-1.1970586448317042,-0.9839153462580104,-1.0249656025980574
-1.670636474439479,1.1284870946966052,1.4525136212527001
-0.6808589969593378,0.0872529226674572,1.7711596395287146
-0.06836232600533979,0.5876951993532485,-1.8996765124145836
-0.015162694400310211,-2.158802888417841,-0.302452265717467
0.11146492154855138,-0.6902195481285314,-0.5172722284149119
0.3489410991431167,-0.6932364105440135,-1.013778060010276
0.23636241380160475,-0.966533954531044,-0.20098188545151108
0.35037770792473416,-1.3589430330482608,-0.9005212920228209
0.6953300362526981,1.2695182494680504,-1.605791170008202
-1.522715890890784,-0.46592430981639993,-0.3863758414233013
0.406021917720353,-0.9648988584392143,-0.5011732109176941
1.3862370922657645,-2.0374297443415443,-0.17742370049310338
-0.023498428142740422,0.7082011702612107,0.9884728558720017
-0.9594067121102559,0.7555484557551905,0.5674505224703064
1.0313601590152273,-0.35420224218482793,-0.027167223443323448
-1.6261175109824577,-0.2797491689513431,0.5981251547326732
-0.10499976525594053,0.13143420202367975,0.57134771551352
2.4448420158399085,1.12216120284533,-0.6108298283810806
-1.0805809742935966,-0.8189856065494171,0.8471911885971506
-1.351833172745746,0.2147949184382361,-0.21186938873636046
-0.7095544160591793,2.1185942031060785,1.3023874010389749
0.104087523861405,1.438863738208158,-0.5978668289549546
-1.353801502223067,0.208071382231252,-0.029087243798133097
1.1602050467033604,-1.84425717011661,1.0590426536750928
-0.18059424210830538,0.5391739255137206,1.2674928059543455
0.7687120306449707,0.7125178082308075,-1.1175372566063009
0.38026457949990344,1.4027261709946868,-1.1704433306636104
-0.10298165121554044,-1.2418447792432492,0.2390511148912246
-0.03921063891059226,-0.6765787875935104,0.9223472401371235
-0.7515238373156848,1.509472296950195,-0.499125560235093
-2.023018549879467,-0.9748539918348876,1.2644433567382265
1.0791380700809197,-0.6611895796687123,-0.4397852592459909
-0.9095950811161148,-1.000155646797072,1.68096194513181
0.2448562357988217,1.4800058170790917,0.08087605405480372
-0.07804928412784343,-0.9341658192131479,-1.5372857147748937
1.1637277426379762,0.2755558436820672,0.6895255830487281
-0.8577166448525353,-0.41827482005980055,-0.34238746665175857
0.17326125557757366,-0.8853967613723766,-1.8997963360712942
-0.20553455573544777,-1.1545776289141656,0.7220520248401454
-0.9138331396231786,-0.027035914778981582,-0.19061557168271046
-1.5869482727325428,-0.2003437626307477,0.0729826885127517
-0.5287134806238489,0.26609371943155496,-0.5399776866514944
-0.20536708038382226,0.46362452363441914,-0.0894276219892307
0.10012612782004011,0.48463967621179577,-0.32869117538206266
-0.9540663020953242,-0.2061257448018642,-1.3522153600468647
0.13357434448621974,0.15994524061869902,0.08585571531740163
0.5536259563481971,-0.43281413701062066,0.006932151329756826
2.178122283840302,-2.157843930034778,-0.06368877047950168
-0.6859975864118282,0.05349271481912331,-0.7171535842447098
0.19488115068555648,1.1387113487809488,-0.9707677131676867
1.1312517612088007,-0.1168393314948179,0.6587428939457934
-0.5354867424931821,-1.8085823068352203,-0.644553850169437
-1.5877511962044908,-0.39121555642214323,-1.0889025637018737
-0.47274330291197864,-1.5394724711866061,-1.0501212838518237
-0.7939483287914445,-1.5115455407681773,-0.3334672700673861
0.27635046766653787,0.48612232380335596,-0.6899707150768958
0.5690435954755825,-1.5113573984582687,0.7728088571152613
2.3627608109418783,-1.6877125852476342,0.5460378534908983
-0.856601690884253,2.056555078867783,-0.30741718237058163
1.6177241141841692,-0.7437356539641852,-0.09733050365736329
-0.4574808802997011,-0.07760994226904075,1.5485769162615968
-0.05233145215231904,-0.49118720637113794,0.7587178188896204
-1.5580322393260315,0.3207283835879428,0.48223143970540994
-0.5581516443982631,0.031114121602856735,-0.5831571456948421
0.25619795520475974,-1.4392748114546483,1.027411611059389
0.7248720904497592,-0.7003952319740722,-0.5175094432226189
-1.581979034581929,-0.7084621643929294,0.32865875685678037
-0.175806604871152,0.18000397373304555,-0.6048112302036285
-1.5169346197951568,-0.9149488625500476,1.252787954294158
-1.1630394256877172,0.15911340175745975,1.1722915003466061
-0.2853306001282045,0.05189290053789919,0.5520750328738613
-0.789071799157018,-0.6508062092405514,-1.4294791780679716
0.308976204107564,0.42397789372109723,0.4242716078427966
-0.18124726972060096,1.0992042684415173,0.15790081112235396
-0.5211519338281985,0.3545297824703176,1.135617225616176
1.031205751633939,0.22970195824515013,-0.5901007918741294
1.2304087997002575,-0.7534275692383984,-0.07475178158878423
-1.8934747723260699,1.3188631005772347,-1.6318297295328044
0.31853369103814694,-0.9196321758562335,0.6787890355811956
-0.4353308850217061,-1.7484287251297619,1.8563721583183588
0.1226348828985781,-0.9485611682657394,0.4652690336676854
1.4359752140858457,-1.1096503816450438,0.5928174261417878
-0.9977150914577859,-0.15030557790772406,-1.8442668389025254
0.44980017826435637,0.011819358908657316,0.965355030112716
-0.3384361932606018,0.7019651021377723,0.7117012524065195
1.5035762098195546,-1.282534338774545,-0.08898463413543134
-0.7218331369662782,-1.220610587157816,-0.7173749567097149
-1.569857436916947,1.6803471709866242,-0.49443960643368773
-0.16893303579429364,0.8860661345755043,0.8513233493538336
-2.309672935900058,-0.052142365195318285,0.23139139753458665
-0.42767928448345793,0.5464975447009367,0.09231089423349022
-0.04129313881146239,-1.2327301405139417,-1.0635831167750065
-1.2812749753402843,-0.9935506632563144,0.6658659399970289
-0.0743587155719339,0.3652004189584581,0.3575777959168444
0.8891295505627904,-0.7926835757439056,0.40569416066002684
0.26247021464729664,1.6586257003007985,-0.391333193316808
1.8764978017474911,-0.08946861974615795,1.8815830760101182
0.34733085578998363,-0.5846145915463344,1.55602627088181
0.675704973322532,-0.10803188519214055,-0.3431232037921227
0.646400424683427,-0.08156261926754571,0.05758261826481412
-1.0692474523730444,-0.35412722962158105,1.2495042071052525
-0.10411441205077004,0.361150560724245,-0.6350445032555653
-0.06144277619758732,1.5550885664055476,0.9738174703921787
-0.4759160056016221,0.554242794631179,1.1790240683407454
-0.21052268924352338,0.721507088192425,-0.6982897435434948
-0.272732062635418,0.9842028280140136,0.005582147274039137
-1.1385939374894516,-0.611660860361448,-0.648003205747567
1.4890935101962162,0.0892591792488561,1.5806099793975983
-0.2607389605470842,-0.3126009577904075,0.0017540472739828608
-0.429575013590674,0.20535049684851966,0.01854184350304932
0.512549318217567,-1.43385490557183,-0.6858055354883522
0.4570810382156247,1.4697182158088955,1.5012050328081983
0.27923464308423357,-0.33454211323600036,0.13168418196825743
-1.567883103075755,0.40967116636417933,1.1782044047312554
0.9373277568057524,-2.0402202167063948,0.07396150180810675
0.21243576174563555,-1.551676788405424,-1.1743480344942967
-1.9693987678434148,0.4904498795883599,0.8654489827534058
-1.0091846600876078,-1.0277483183887741,-0.5832847816713825
0.20624631964916715,0.7877698112366144,-0.5692025730726626
0.7043033684068855,-9.830307548082803e-05,0.48429282327902295
-1.0052328106749226,1.0961484423871994,0.35995232578162084
1.3621172106395174,0.8507644904953032,-0.10114090213965857
1.1596500593995098,0.39964731850048485,1.1026514264312175
0.15855735501568818,0.4672018593427514,0.044355271902887725
-1.3266692677391028,-0.9172946162162232,-0.060229530082670214
-0.4624449626840762,-0.1777371945645901,1.3823232730862114
1.226713791441637,0.6284905157967056,0.8113356969127887
1.8564299998734992,0.9463361010261506,-0.7264088964486498
1.0694825870810054,0.08907754092141591,-0.9895997108547069
-0.9742989308338474,-0.41393435685003876,-1.4520495552893797
3.0175259579192537,1.6913753212083402,0.6861425190321833
1.3150747697870129,1.6545399709294861,-0.2160424357946197
-1.1834685485433456,-0.7998790909879241,0.7225244068982103
-1.6631602301919788,-0.17639757710495355,1.1134261318680112
0.464783383541623,0.09298415236100598,0.742060570912126
0.39121839805439373,0.7733562014292941,0.01947335884646248
1.3776506648560256,-0.28722613190351,0.3905675792173067
-1.1001569990311026,1.2397973163617604,0.8210737014240167
0.6402854338063343,-0.13223698285325172,0.10485381478003754
-0.9446906003299175,-0.7802540927027305,-0.5267918691756605
0.11754138702689547,-1.112087432084145,-0.13588645058396648
-0.9133127379920303,-0.3476031803767956,-0.09168386668284285
-0.6321796443811704,0.6448176824267784,-1.4963963307620702
-0.4953576610768468,-0.141431224437663,-0.501081064179262
-1.659252323204002,1.566408097357059,1.382076797245287
1.2875241438461311,-0.7349570147754962,0.268411427783165
1.3855089936450462,-0.37661469040648937,-0.044616324616713485
-1.6768365170947668,-0.8598483576966685,0.2638376994263449
1.061947014444536,-0.1093342712150403,-1.547164066684182
1.051404550516246,0.5103936388278655,1.4231078890629036
-1.6536543637224443,0.8631956609270632,0.7492715455967318
0.11574413739019444,0.3766043436832696,-0.7615683216678945
-1.427634309163893,0.7059520416665513,0.21314671804361734
0.38545049215392563,0.9158338462983223,1.169316615518337
0.7903907672796489,-0.9167147976913304,-0.18728708711886763
0.14970150692027193,-1.6364522723748163,0.8171811769464349
-1.092201172547179,-1.918894758265756,1.4459307141948095
0.3015421528888468,0.7195389572258304,1.1313587083566172
-0.9553509515410022,-0.6620827302688671,-0.30675335261656933
-1.026949515002026,0.533980256801191,1.3526255555085238
0.6582433116368076,-0.007267449646984287,0.5910824204175736
-0.014143693760297003,1.3563327014302773,1.1817656562293557
-0.2486044467773718,-1.0781823154193346,0.7160466325865773
0.11802198418319712,-1.5576202754042354,1.2674868809404365
-0.8350601159144462,-1.8726513046064603,-2.1297983728292653
0.3497295120377058,-2.3401916551888253,0.7377768755789528
0.19060792543877716,0.08213264093299111,-0.18650175088549276
1.002773117039127,0.17918140871133617,-1.952177871644758
0.5714509871982087,-0.41653298426834173,-0.6234276967318247
1.3843141645017176,-0.043294611553708194,0.442953509103905
0.05065410221229265,1.049393946761966,0.7396498098745765
0.6055757907700526,1.0727888724686325,0.5565552340856444
-0.7491457353352554,0.7439470739451852,-1.2755901318755476
-0.7103706196903135,0.723566520203261,0.37021566948984364
0.589003875430039,-1.4637637955742677,-0.6115798055528398
0.5364017076765786,-0.5986749747562868,-1.3774705583237277
1.3297563860533033,0.7271682887805464,-0.008477689301186326
1.8235282913336304,-0.46642777463690627,-0.16243736855419508
-1.2352588794812358,0.2282592480211218,-0.36061372171298167
1.1816338526327017,1.350592756905018,0.4008395854843083
-1.6925078383731482,0.2905892292808333,-0.8118733678934211
0.717743984412602,1.0105052414951863,-0.4986203984775353
0.18140569829200281,0.5058188617140773,-0.5481786843700063
2.2677664902002297,-0.4782146061799666,0.9588351660460682
-1.519256831750733,-0.35682470498901464,-0.0048740582567655556
1.4470462941489608,0.8765712852098597,-0.5312679107419933
2.678117635335828,-0.8635231183373062,-1.3764482057143392
0.11676538740228147,-0.4675966119244889,-0.7171017973717728
-0.8805647564810823,-0.645598113498246,1.4828665054122192
-0.7631375750242914,0.3398369082121591,0.14536846402107856
0.12613072472632889,0.36101378152718827,0.07777413661352611
0.5126882152430298,-0.15205006995963496,1.9675573470772583
-0.6013899531615959,-0.16851867329168208,1.143382815540999
-0.2272647429006045,0.1421878421500253,0.6592957932443345
-1.825853205335894,-0.6398525866016811,-0.5627948963492184
0.7200748360784576,0.1104677873628073,1.0161681275317658
-0.3201858094095462,-1.3816452485005157,-1.2937447435257228
0.42158390468971285,-0.4253879681922489,-0.8221383312755924
-0.24329343006948165,1.74323967145183,-1.4826166929791618
0.9120530482090793,-0.5048047599303054,0.027813768318428574
-1.4480487409672087,0.9649971444515213,-1.4310920272841792
-0.38045436691923074,0.7322068581094304,1.8838100310460622
-0.7035603094573559,0.3740753216953136,-1.032746801492508
-0.12589312739676403,1.7078973198599303,-0.9005191829589551
-0.6910671449437421,-0.12022628101797456,0.28308464817176415
0.2854364695392093,-1.7286607127671647,1.113440852694688
-0.12047645559750349,1.1659772275970361,1.3933741689845478
1.288183910204044,0.726348078206794,0.6430458651498924
-0.3663993663355051,-0.33991215896571636,0.17544164493281555
-0.07868131554011619,-0.4165338304290267,0.5119497022473888
-0.10845292413391076,1.3185424725751074,0.9647479644821888
0.02570322025318003,-0.32456950960740666,1.7173890905860938
0.33370288299198236,0.4642175244173676,-0.012329362387644024
-0.8205866634750583,-0.3090331870476891,-0.3326130053684431
-0.14986089101599703,0.2118926174116335,-0.6899400888032164
0.17648235297854828,0.9441426900094192,-0.7867522086096324
1.2105765696352737,-0.8139306839134061,-1.9239604092133853
-0.9204060212205866,-0.020095926829138144,0.2223572418005386
1.6791433042033537,0.5412548242996216,-1.0432869533965528
0.12470406503574212,0.4314181777005472,0.0071774076756860854
-0.5889356967022777,-1.2348090849743292,-0.5909049935471025
1.6011332057132917,-0.15247464089721002,0.18372710939422848
0.9153452964922294,0.5294296549989294,-0.46958205567077765
-1.4820433467341618,1.0601707401037688,-1.237536186860263
-0.9145668500868265,-1.8974048170579023,-0.07259255009972049
-0.059335964913308586,-1.4521443875068143,-1.702522225982088
0.4634591364885756,1.302646428906032,0.9441302416353213
